Workbook

Sheet credit_risk_data
A1: Counterparty_ID | B1: Counterparty_Name | C1: Sector | D1: Region | E1: Type | F1: Date | G1: Interest_Rate (%) | H1: FX_Rate (₹/USD) | I1: Volatility_Index | J1: Commodity_Price (USD) | K1: Credit_Rating | L1: Exposure_INR_Cr | M1: Annual_PD | N1: Monthly_PD | O1: LGD | P1: Expected_Loss_INR_Cr | Q1: Default_Flag
A2: CP0001 | B2: Reliance Industries | C2: Metals | D2: India | E2: Corporate | F2: 43831 | G2: 6.57 | H2: 80.3065 | I2: 8.71 | J2: 71.57 | K2: BBB | L2: 1189.72 | M2: =VLOOKUP(K2,RatingLookup!$A$2:$C$8,2,FALSE) -> 0.005 | N2: =1-(1-M2)^(1/12) -> 0.00041762459 | O2: =VLOOKUP(K2,RatingLookup!$A$2:$C$8,3,FALSE) -> 0.45 | P2: =L2*N2*O2 -> 0.22358535 | Q2: =IF(RAND()<N2,"Yes","No") -> No
A3: CP0001 | B3: Reliance Industries | C3: Metals | D3: India | E3: Corporate | F3: 43862 | G3: 5.85 | H3: 86.1587 | I3: 15.24 | J3: 75.97 | K3: BBB | L3: 1146.11 | M3: =VLOOKUP(K3,RatingLookup!$A$2:$C$8,2,FALSE) -> 0.005 | N3: =1-(1-M3)^(1/12) -> 0.00041762459 | O3: =VLOOKUP(K3,RatingLookup!$A$2:$C$8,3,FALSE) -> 0.45 | P3: =L3*N3*O3 -> 0.21538967 | Q3: =IF(RAND()<N3,"Yes","No") -> No
A4: CP0001 | B4: Reliance Industries | C4: Metals | D4: India | E4: Corporate | F4: 43891 | G4: 5.09 | H4: 81.3815 | I4: 16.36 | J4: 69.16 | K4: BBB | L4: 1150.34 | M4: =VLOOKUP(K4,RatingLookup!$A$2:$C$8,2,FALSE) -> 0.005 | N4: =1-(1-M4)^(1/12) -> 0.00041762459 | O4: =VLOOKUP(K4,RatingLookup!$A$2:$C$8,3,FALSE) -> 0.45 | P4: =L4*N4*O4 -> 0.21618462 | Q4: =IF(RAND()<N4,"Yes","No") -> No
A5: CP0001 | B5: Reliance Industries | C5: Metals | D5: India | E5: Corporate | F5: 43922 | G5: 6.16 | H5: 81.249 | I5: 21.21 | J5: 107.17 | K5: BBB | L5: 1189.13 | M5: =VLOOKUP(K5,RatingLookup!$A$2:$C$8,2,FALSE) -> 0.005 | N5: =1-(1-M5)^(1/12) -> 0.00041762459 | O5: =VLOOKUP(K5,RatingLookup!$A$2:$C$8,3,FALSE) -> 0.45 | P5: =L5*N5*O5 -> 0.22347447 | Q5: =IF(RAND()<N5,"Yes","No") -> No
A6: CP0001 | B6: Reliance Industries | C6: Metals | D6: India | E6: Corporate | F6: 43952 | G6: 5.71 | H6: 84.3956 | I6: 21.73 | J6: 85.73 | K6: BBB | L6: 1126.13 | M6: =VLOOKUP(K6,RatingLookup!$A$2:$C$8,2,FALSE) -> 0.005 | N6: =1-(1-M6)^(1/12) -> 0.00041762459 | O6: =VLOOKUP(K6,RatingLookup!$A$2:$C$8,3,FALSE) -> 0.45 | P6: =L6*N6*O6 -> 0.21163481 | Q6: =IF(RAND()<N6,"Yes","No") -> No
A7: CP0001 | B7: Reliance Industries | C7: Metals | D7: India | E7: Corporate | F7: 43983 | G7: 5.62 | H7: 84.9425 | I7: 20.78 | J7: 64.05 | K7: BBB | L7: 1223.31 | M7: =VLOOKUP(K7,RatingLookup!$A$2:$C$8,2,FALSE) -> 0.005 | N7: =1-(1-M7)^(1/12) -> 0.00041762459 | O7: =VLOOKUP(K7,RatingLookup!$A$2:$C$8,3,FALSE) -> 0.45 | P7: =L7*N7*O7 -> 0.22989795 | Q7: =IF(RAND()<N7,"Yes","No") -> No
A8: CP0001 | B8: Reliance Industries | C8: Metals | D8: India | E8: Corporate | F8: 44013 | G8: 5.25 | H8: 81.8415 | I8: 8.86 | J8: 86.77 | K8: BBB | L8: 1122.67 | M8: =VLOOKUP(K8,RatingLookup!$A$2:$C$8,2,FALSE) -> 0.005 | N8: =1-(1-M8)^(1/12) -> 0.00041762459 | O8: =VLOOKUP(K8,RatingLookup!$A$2:$C$8,3,FALSE) -> 0.45 | P8: =L8*N8*O8 -> 0.21098457 | Q8: =IF(RAND()<N8,"Yes","No") -> No
A9: CP0001 | B9: Reliance Industries | C9: Metals | D9: India | E9: Corporate | F9: 44044 | G9: 6.44 | H9: 82.0689 | I9: 7.84 | J9: 65.27 | K9: BBB | L9: 1272.89 | M9: =VLOOKUP(K9,RatingLookup!$A$2:$C$8,2,FALSE) -> 0.005 | N9: =1-(1-M9)^(1/12) -> 0.00041762459 | O9: =VLOOKUP(K9,RatingLookup!$A$2:$C$8,3,FALSE) -> 0.45 | P9: =L9*N9*O9 -> 0.23921557 | Q9: =IF(RAND()<N9,"Yes","No") -> No
A10: CP0001 | B10: Reliance Industries | C10: Metals | D10: India | E10: Corporate | F10: 44075 | G10: 5.77 | H10: 81.9632 | I10: 5 | J10: 89.7 | K10: BBB | L10: 1309.93 | M10: =VLOOKUP(K10,RatingLookup!$A$2:$C$8,2,FALSE) -> 0.005 | N10: =1-(1-M10)^(1/12) -> 0.00041762459 | O10: =VLOOKUP(K10,RatingLookup!$A$2:$C$8,3,FALSE) -> 0.45 | P10: =L10*N10*O10 -> 0.24617654 | Q10: =IF(RAND()<N10,"Yes","No") -> No
A11: CP0001 | B11: Reliance Industries | C11: Metals | D11: India | E11: Corporate | F11: 44105 | G11: 6.51 | H11: 83.4104 | I11: 9.02 | J11: 77.7 | K11: BBB | L11: 1260.47 | M11: =VLOOKUP(K11,RatingLookup!$A$2:$C$8,2,FALSE) -> 0.005 | N11: =1-(1-M11)^(1/12) -> 0.00041762459 | O11: =VLOOKUP(K11,RatingLookup!$A$2:$C$8,3,FALSE) -> 0.45 | P11: =L11*N11*O11 -> 0.23688147 | Q11: =IF(RAND()<N11,"Yes","No") -> No
A12: CP0001 | B12: Reliance Industries | C12: Metals | D12: India | E12: Corporate | F12: 44136 | G12: 4.98 | H12: 84.1765 | I12: 22 | J12: 53.46 | K12: BBB | L12: 1058.21 | M12: =VLOOKUP(K12,RatingLookup!$A$2:$C$8,2,FALSE) -> 0.005 | N12: =1-(1-M12)^(1/12) -> 0.00041762459 | O12: =VLOOKUP(K12,RatingLookup!$A$2:$C$8,3,FALSE) -> 0.45 | P12: =L12*N12*O12 -> 0.19887053 | Q12: =IF(RAND()<N12,"Yes","No") -> No
A13: CP0001 | B13: Reliance Industries | C13: Metals | D13: India | E13: Corporate | F13: 44166 | G13: 5.45 | H13: 81.1918 | I13: 24.12 | J13: 77.14 | K13: BBB | L13: 1214.42 | M13: =VLOOKUP(K13,RatingLookup!$A$2:$C$8,2,FALSE) -> 0.005 | N13: =1-(1-M13)^(1/12) -> 0.00041762459 | O13: =VLOOKUP(K13,RatingLookup!$A$2:$C$8,3,FALSE) -> 0.45 | P13: =L13*N13*O13 -> 0.22822724 | Q13: =IF(RAND()<N13,"Yes","No") -> No
... A6001: CP0100 | B6001: Siemens Energy | C6001: Utilities | D6001: International | E6001: Corporate | F6001: 45627 | G6001: 1.51 | H6001: 76.9576 | I6001: 32.1 | J6001: 88.36 | K6001: CCC | L6001: 574.56 | M6001: =VLOOKUP(K6001,RatingLookup!$A$2:$C$8,2,FALSE) -> 0.12 | N6001: =1-(1-M6001)^(1/12) -> 0.010596241 | O6001: =VLOOKUP(K6001,RatingLookup!$A$2:$C$8,3,FALSE) -> 0.7 | P6001: =L6001*N6001*O6001 -> 4.2617234 | Q6001: =IF(RAND()<N6001,"Yes","No") -> No

Sheet RatingLookup
A1: Rating | B1: Annual_PD | C1: LGD
A2: AAA | B2: 0.0001 | C2: 0.2
A3: AA | B3: 0.0005 | C3: 0.25
A4: A | B4: 0.001 | C4: 0.3
A5: BBB | B5: 0.005 | C5: 0.45
A6: BB | B6: 0.015 | C6: 0.5
A7: B | B7: 0.04 | C7: 0.6
A8: CCC | B8: 0.12 | C8: 0.7
